VISIT_AREA_NM,X_COORD,Y_COORD,SIDO
AK 기흥점,127.11680289043568,37.27470975958471,경기
ALT.1 더 현대 서울 현대백화점,126.9284461241116,37.525872071029134,서울
가납리 비행장,127.020285015859,37.779680819579,경기
가로수길,127.022764118441,37.5196385944893,서울
계곡,127.36375565272148,37.74945605823188,경기
더 서울 라이티 움,127.04247979310723,37.54578380383026,서울
리스펙트 페스티벌 (올림픽공원 88잔디마당),127.120812783275,37.5205340628851,서울
메이필드호텔 서울 수영장,126.81909670492055,37.54713771707638,서울
워터하우스,127.48021742464954,37.625492761922985,경기
제부도 해수욕장,126.617019274836,37.1677247640579,경기
크리스 월드 수상 레저,127.54169307368858,37.76039492885237,경기
파주 신세계 프리미엄 아울렛,126.6963344538122,37.76947080757615,경기
21아울렛 구로점,126.8626993,37.4980135,서울
63스퀘어,126.9402616,37.5198149,서울
AK& 기흥,127.1167124,37.2745152,경기
AK플라자 광명,126.8828338,37.4186632,경기
AK플라자 금정,126.9441887,37.3727578,경기
AK플라자 분당,127.1231812,37.3852355,경기
AK플라자 수원,127.00069,37.2655524,경기
AK플라자 홍대,126.9264078,37.5578085,서울
AW 컨벤션,126.8287898,37.3081288,경기
Apple 가로수길,127.0227294,37.5208198,서울
CGV 소풍,126.7571136,37.5047335,경기
CGV 피카디리 1958,126.9913133,37.5709938,서울
COS 퀼티드 백 팝업스토어,126.9892379,37.573975,서울
G 타워,126.6342685,37.3960581,인천
G 타워 전망대,126.6342006,37.3960859,인천
IFC 몰,126.9259558,37.5250668,서울
KSPO DOME 올림픽 체조경기장,127.1274078,37.5192441,서울
KSPO 돔,127.1273999,37.5192612,서울
KTG 상상마당 홍대,126.9210685,37.5510089,서울
LCDC 서울,127.061546,37.5417353,서울
NC 큐브 커넬워크 가을도,126.6380421,37.4004163,인천
NC백화점 고잔점,126.8310157,37.313531,경기
Ofr 서울,126.9717992,37.5801214,서울
PPO,127.0697861,37.0340948,경기
SBA 서울 애니메이션 센터,126.9833422,37.5599071,서울
SETEC,127.072197,37.4959007,서울
T 팩토리,126.9223949,37.5553454,서울
가드너스,126.6961725,37.7896429,경기
가평 레일파크,127.5158437,37.8289706,경기
가평 뮤직 빌리지 음악 역 1939,127.5132455,37.8244772,경기
가평군 농협 하나로마트 본점,127.5141732,37.8301708,경기
가평군 농협 하나로마트 북면점,127.5488846,37.8838616,경기
가평군 농협 하나로마트 청평점,127.4151943,37.7351031,경기
강남 터미널 경부선 지하상가,127.0055961,37.5050984,서울
강남역 지하상가,127.0278418,37.4977359,서울
강변 테크노마트,127.0956855,37.5357209,서울
강화 루지,126.4981166,37.6171154,인천
갤러리아백화점 광교점,127.0572408,37.2852624,경기
경기도 미술관,126.813958,37.3257667,경기
경기도 잣향기 푸른 숲,127.3328781,37.7695541,경기
경기북부 어린이 박물관,127.0643926,37.9447642,경기
경복궁,126.9768967,37.5776088,서울
경의선 숲길,126.9253385,37.5588035,서울
경인아라뱃길,126.7449355,37.5737964,인천
경춘선 숲길,127.078706,37.6206918,서울
경포대,128.8966363,37.7950742,경기
계양산,126.7145587,37.5531608,인천
고기리계곡,127.0443381,37.3585237,경기
고모저수지,127.163311,37.7983418,경기
고양시립 별 꿈 도서관,126.8941456,37.6457594,경기
고인돌공원,127.0481841,37.1731311,경기
고척스카이돔,126.8671048,37.4982338,서울
고투몰,127.0050533,37.5062193,서울
곤지암리조트,127.2940917,37.3379816,경기
공간 와디즈,127.0505248,37.5449301,서울
과천향교,126.9876118,37.4337415,경기
관악산 산림욕장,126.9558413,37.4144287,경기
광교역사 공원,127.0521245,37.2966917,경기
광교호수공원,127.0669254,37.2842202,경기
광릉,127.1765011,37.750997,경기
광릉숲길,127.1876388,37.7481093,경기
광명 스피돔 경륜본장,126.8451924,37.4667854,경기
광명 업사이클 아트센터,126.8634004,37.4247125,경기
광명 전통시장,126.8563564,37.4796281,경기
광명동굴,126.8657359,37.4264632,경기
광장시장,126.9989416,37.5700337,서울
광장시장 전 골목,127.0006339,37.5705617,서울
광화문,126.976861,37.575969,서울
광화문광장,126.9769164,37.5726029,서울
교보문고 광화문점,126.9779086,37.5707975,서울
구리한강시민공원,127.1425825,37.5756256,경기
구읍뱃터,126.583022,37.4917594,인천
국립 농업박물관,126.9819504,37.2757995,경기
국립 대한민국임시정부기념관,126.9543673,37.5760255,서울
국립 세계문자 박물관,126.6378866,37.3947096,인천
국립 아세안자연휴양림,126.9421849,37.7737671,경기
국립고궁박물관,126.9748345,37.5765632,서울
국립과천과학관,127.0058182,37.4380317,경기
국립민속박물관,126.979016,37.5816997,서울
국립민속박물관 파주,126.6938829,37.7865368,경기
국립생물자원관,126.6380214,37.565955,인천
국립수목원,127.166094,37.7552503,경기
국립어린이과학관,126.9970338,37.5819358,서울
국립중앙도서관,127.0029855,37.4976238,서울
국립중앙박물관,126.980203,37.5238468,서울
국립현대미술관 과천관,127.0200799,37.4312897,경기
국립현대미술관 서울관,126.980098,37.5786275,서울
궁평항,126.6812809,37.1160096,경기
그라운드 시 소 명동,126.9816298,37.5642028,서울
그라운드 시 소 서촌,126.9729163,37.5778386,서울
그라운드 시 소 성수,127.0652799,37.5467681,서울
그래픽,126.9935843,37.5409313,서울
그랜드 하얏트 서울 델리,126.9973863,37.5394538,서울
기흥호수 공원,127.0957046,37.2540885,경기
김포 장릉,126.7111349,37.6130296,경기
김포한강야생조류생태공원,126.6888335,37.657421,경기
김포함상공원,126.5392728,37.6406168,경기
김홍도 미술관,126.8510829,37.316034,경기
낙산공원,127.0075218,37.5805697,서울
낙원악기상가,126.9880959,37.5727919,서울
난지한강공원,126.8756078,37.5670399,서울
남대문시장,126.9776268,37.5591818,서울
남산 둘레길,126.9824133,37.5537586,서울
남산골 한옥마을,126.9944316,37.5593117,서울
남산공원,126.9893169,37.552498,서울
남산공원 N서울타워,126.9882306,37.551305,서울
남이섬,127.5252101,37.7914407,경기
남한산성 순교성지,127.1859215,37.4771869,경기
남한산성 행궁,127.1812613,37.4790403,경기
남한산성도립공원,127.1883802,37.4766532,경기
내리 문화공원,127.030979,36.9749264,경기
노원문화의 거리,127.0628665,37.6548856,서울
놀자 숲,127.1372191,37.8855774,경기
농협안성팜랜드,127.1935166,36.9913166,경기
누들 플랫폼,126.6235231,37.4725167,인천
능내역 (폐역),127.2962658,37.5236445,경기
니지 모리 스튜디오,127.092002,37.8792022,경기
다 마치 계곡 유원지,127.3836338,38.0505826,경기
다산 생태공원,127.2976519,37.5137588,경기
다이소 명동역점,126.9867351,37.5607473,서울
단원 조각 공원,126.8585712,37.3167983,경기
달밤엔 시어터,127.002681,37.5840009,서울
대룡시장,126.2793009,37.7829581,인천
대부바다 향기테마파크,126.5745552,37.2862759,경기
대불호텔 전시관,126.6199726,37.4735649,인천
대한민국역사박물관,126.9778578,37.573987,서울
대한불교조계종 봉은사,127.057665,37.5154641,서울
대한불교조계종 신륵사,127.6615526,37.2975538,경기
더 그림,127.4969906,37.5285782,경기
더 플라자,126.9781107,37.5646923,서울
더 플라자 별관,126.9786711,37.5641879,서울
더 하노이 풋앤바디 송도 타임스페이스점,126.6422559,37.3832944,인천
더 현대 서울,126.9284461,37.5258721,서울
덕수궁,126.9748948,37.5655639,서울
덕수궁 중명전,126.9725219,37.5667346,서울
도그 스포 지움 송추점,126.9749683,37.7174591,경기
도산 근린공원,127.0352876,37.5245577,서울
독산성,127.0204553,37.1824163,경기
돌담 병원,127.3234087,38.0718074,경기
동광 극장,127.0519894,37.9088966,경기
동구릉,127.1320504,37.6194152,경기
동국대학교 서울캠퍼스 이해랑예술 극장,127.0033093,37.5583153,서울
동대문 역사 문화공원 동대문운동장 기념관,127.0111607,37.5678149,서울
동대문디자인플라자,127.009911,37.5671843,서울
동대문종합시장,127.0076181,37.5704209,서울
동막해수욕장,126.4575804,37.5928961,인천
동묘공원,127.0183293,37.5729749,서울
동묘시장,127.0180892,37.5726001,서울
동북각루,127.0181652,37.2876229,경기
동탄 농수산물종합유통센터,127.1055781,37.2082277,경기
동탄 여울 공원,127.085935,37.19937,경기
동탄 호수 공원,127.1045221,37.1678344,경기
두 대리 용소 폭포,127.4707914,37.9570205,경기
두물머리,127.3158298,37.5328128,경기
두창 저수지,127.3373983,37.1483285,경기
두타몰,127.0087386,37.5690152,서울
드림홀,126.9157506,37.5502303,서울
디오르 성수,127.0524648,37.5440282,서울
뚝섬 미술관,127.0483435,37.5471853,서울
뚝섬한강공원,127.0689211,37.5292974,서울
띠아트,126.9226906,37.5528047,서울
렛츠 런 파크 서울,127.015826,37.4476095,경기
롯데 아울렛 광교점,127.0555389,37.2865273,경기
롯데 아울렛 서울역점,126.9709555,37.55476,서울
롯데 영 플라자 본점,126.9815508,37.5634685,서울
롯데 프리미엄 아울렛 기흥점,127.1209595,37.2250337,경기
롯데 프리미엄 아울렛 이천점,127.4004753,37.2423555,경기
롯데 프리미엄 아울렛 타임 빌라스,127.0096645,37.3761809,경기
롯데 프리미엄 아울렛 파주점,126.6926426,37.7181152,경기
롯데마트 마석점,127.3092413,37.6501047,경기
롯데마트 송도점,126.6432274,37.3882214,인천
롯데마트 주엽점,126.7554095,37.6731414,경기
롯데몰 김포공항점,126.8031482,37.5633662,서울
롯데몰 수원점,126.9972989,37.2639882,경기
롯데백화점 강남점,127.0532811,37.4969595,서울
롯데백화점 동탄점,127.0979193,37.2007087,경기
롯데백화점 본점,126.9817541,37.5649056,서울
롯데백화점 수원점,126.9985232,37.2644982,경기
롯데백화점 영등포점,126.907292,37.5160148,서울
롯데백화점 인천점,126.7015224,37.4424069,인천
롯데백화점 중동점,126.7752042,37.5025691,경기
롯데백화점 평촌점,126.9504657,37.3902215,경기
롯데시네마 광명 아울렛,126.8841627,37.424996,경기
롯데시네마 성남중앙,127.1465779,37.4410765,경기
롯데시네마 청량리,127.0476087,37.5804405,서울
롯데시네마 합정,126.9133908,37.5514576,서울
롯데월드,127.0981198,37.5111306,서울
롯데월드 아쿠아리움,127.1040931,37.5136627,서울
롯데월드타워,127.1025556,37.5126045,서울
롯데월드타워 롯데월드몰,127.1040795,37.5136519,서울
루덴시아,127.4614259,37.4015773,경기
르푸앵 수상 레저,127.4696377,37.7083131,경기
리움미술관,126.9991174,37.5383366,서울
마로니에공원,127.0028257,37.5802888,서울
마이 알레 과천 빌리지 카페,127.0239489,37.4466026,경기
마이랜드,126.5989899,37.4749894,인천
마이아트 뮤지엄,127.0605769,37.5075878,서울
마장호수,126.9302204,37.7749418,경기
마장호수 출렁다리,126.9280526,37.7758982,경기
만해 한용운 심우장,126.9916707,37.5936484,서울
만해기념관,127.1808524,37.4773173,경기
말죽거리,127.0430894,37.4880941,서울
망원시장,126.9064647,37.555305,서울
망원한강공원,126.9000276,37.5517245,서울
망월천,127.1909258,37.556395,경기
매헌 시민의 숲,127.0358717,37.4709233,서울
메가박스 인천 논현,126.7274151,37.3974052,인천
명동거리,126.9849013,37.5620769,서울
명지산,127.4308804,37.9317888,경기
모다 아울렛 인천점,126.6477075,37.5100423,인천
못골종합시장,127.0212674,37.2754692,경기
묘적사계곡,127.2682157,37.6184527,경기
무니 버스,127.0119082,37.2846863,경기
묵리 459,127.2388808,37.1680911,경기
문래동 창작촌,126.8977705,37.5139833,서울
문지리 535,126.7179755,37.8300239,경기
물왕 호수,126.8333312,37.3826378,경기
물의 정원,127.3149941,37.5568536,경기
물향기 수목원,127.0595311,37.1663085,경기
뮤지엄 29,127.106188,37.5137861,서울
미래 항공스포츠,127.4636545,37.5593475,경기
미리내 성지,127.259162,37.1475882,경기
미리내공원,126.7721803,37.4995197,경기
미리내힐빙클럽찜질방,127.6497622,37.4809886,경기
미메시스 아트 뮤지엄,126.6889188,37.7167927,경기
미사 경정공원 조정 카누경기장,127.2051665,37.5617555,경기
미사 호수 공원,127.1881764,37.5616513,경기
미호,127.1806014,37.5926997,경기
밀리오레,127.0085121,37.5682548,서울
바다 앞 테라스,126.5813928,37.4921303,인천
바다 향기수목원,126.6465283,37.2250222,경기
반포 한강공원,126.9946298,37.5097008,서울
반포 한강공원 달빛광장,126.9976293,37.5113551,서울
방아머리 해변,126.5767674,37.2891527,경기
방화수류정,127.0180738,37.2875058,경기
배곧 생명공원,126.7214806,37.3714095,경기
백남준아트센터,127.1104378,37.2691465,경기
백운계곡,127.4163014,38.0677222,경기
백운계곡 관광지,127.4099696,38.071549,경기
백운호수,127.003394,37.3788366,경기
벽초지 수목원,126.8742585,37.80077,경기
별빛정원 우주,127.3928263,37.2421675,경기
보안여관,126.9736268,37.5791083,서울
봉선사,127.183749,37.7470902,경기
부천 자연 생태공원,126.8173965,37.5037429,경기
부천 자연 생태공원 자연 생태 박물관,126.8165251,37.504866,경기
부천백만 송이 장미원,126.7922766,37.5164947,경기
부천아트 벙커 B39,126.7673623,37.5215164,경기
부천역 지하상가,126.7824213,37.4840309,경기
부천중앙공원,126.7653157,37.5002884,경기
부평공원,126.7136458,37.4888145,인천
북악산 한양도성,126.990661,37.5915617,서울
북촌 한옥마을,126.9848125,37.5817682,서울
북한강,127.3980671,37.7093982,경기
분당 정자동 카페골목,127.1061388,37.3701509,경기
분당중앙공원,127.1244309,37.3775935,경기
불곡산,127.0262413,37.7993476,경기
브로콜리 숲,127.012702,37.2843979,경기
블루스퀘어,127.0025482,37.5408611,서울
비둘기낭폭포,127.2169203,38.0797766,경기
빅트리,126.8405586,37.3875457,경기
빛의 시어터,127.1109489,37.5550746,서울
쁘띠프랑스,127.4905368,37.7149952,경기
사패산,127.0103502,37.7223418,경기
산정 랜드,127.3239016,38.0690834,경기
산정호수,127.3210272,38.0716319,경기
산정호수 둘레길,127.3196927,38.0676931,경기
삼청동 거리,126.9814828,37.5820641,서울
상동호수 공원,126.745376,37.5041844,경기
새우 타워,126.7336726,37.393964,인천
서대문자연사박물관,126.9377324,37.5767116,서울
서대문형무소 역사관,126.9563153,37.5745035,서울
서소문 성지 역사박물관,126.9697534,37.5607009,서울
서암 생활체육공원,126.5953687,37.7050638,경기
서오릉,126.9040489,37.624629,경기
서울 명예도로 감고 당길,126.9824665,37.5775557,서울
서울 생활사 박물관,127.077015,37.6197018,서울
서울 선릉과 정릉,127.0489285,37.5091105,서울
서울 시립 북서울 미술관,127.0668598,37.6406614,서울
서울 시티투어버스,126.976784,37.5688151,서울
서울 식물원,126.8350372,37.5693958,서울
서울 장미축제,127.0731257,37.603901,서울
서울공예 박물관,126.9832909,37.5766368,서울
서울광장,126.9779689,37.5656726,서울
서울대공원,127.0138983,37.4364516,경기
서울대공원 어린이 동물원,127.0146245,37.4289082,경기
서울대공원 장미원,127.0152033,37.4308507,경기
서울대공원 테마 가든,127.0151707,37.4313228,경기
서울랜드,127.0187021,37.4339028,경기
서울로 717,126.9702972,37.5566231,서울
서울미술관 본관,126.9632266,37.5945764,서울
서울숲,127.0376178,37.5443222,서울
서울숲 카페거리,127.043029,37.546444,서울
서울시립미술관 서소문 본관,126.9737905,37.5641076,서울
서울약령 시장,127.0368243,37.5783982,서울
서울어린이대공원,127.0802352,37.5499773,서울
서울역사박물관,126.9705464,37.5705003,서울
서울월드컵경기장,126.8971068,37.5682067,서울
서울특별시 교육청 남산도서관,126.9813496,37.5530034,서울
서울특별시청,126.9786523,37.5668242,서울
서해랑 제부도 해상 케이블카 제부정류장,126.6295394,37.1742017,경기
석촌호수 동호,127.1058999,37.5116212,서울
석촌호수 산책길,127.1057213,37.5100897,서울
석촌호수 서호,127.0991128,37.5076807,서울
석파정,126.9626511,37.5950231,서울
선녀바위,126.3786241,37.4384375,인천
선밸리 호텔 워터파크,127.6615098,37.2936976,경기
선셋 74,127.4664891,37.7085905,경기
선유도공원,126.9018234,37.5424169,서울
설봉공원,127.4280743,37.2766758,경기
성남 큐브미술관,127.1295433,37.4012057,경기
성남중앙공설시장,127.1321166,37.4413882,경기
성북 꿈빛극장,127.0221963,37.6037558,서울
성수동 카페거리,127.0563935,37.5424326,서울
세라비 한옥 카페,127.0444143,38.130415,경기
세미원,127.3242115,37.5407477,경기
세우아트센터,127.0039851,37.5819466,서울
세운 전자상가,126.9952368,37.569138,서울
세종마을 음식문화거리,126.9722738,37.5765698,서울
세종문화회관,126.9757787,37.5725945,서울
세종문화회관 대극장,126.9760696,37.5728622,서울
소래습지생태공원,126.7473723,37.41241,인천
소래역사관,126.7374681,37.3982028,인천
소래포구,126.7394893,37.3976487,인천
소마미술관,127.1180062,37.516886,서울
소요산,127.0879419,37.9385108,경기
소찬공원,126.6282104,37.3723605,인천
송도 달빛축제공원,126.6348965,37.4072183,인천
송도 타임스페이스,126.6428696,37.3834134,인천
송도 한옥마을,126.6388695,37.3908644,인천
송도센트럴파크,126.6386297,37.393064,인천
송도컨벤시아,126.6468363,37.3887098,인천
송월동 동화마을,126.6203491,37.4780179,인천
송추계곡,126.9827793,37.7136836,경기
수기 해변,126.4318545,37.5446481,인천
수도국산 달동네 박물관,126.6391359,37.4774813,인천
수락산,127.0813698,37.6992276,경기
수봉공원,126.6625469,37.4594871,인천
수수 카페,127.3213472,37.5519675,경기
수원 KT 소닉붐 아레나,126.948291,37.2762725,경기
수원 KT위즈 파크,127.009772,37.2997303,경기
수원 공방거리,127.015335,37.2785877,경기
수원 영 동 시장,127.0186858,37.2768933,경기
수원 월드컵 경기장,127.0369207,37.2864977,경기
수원 전통문화관 예절교육관,127.0145113,37.2870936,경기
수원 프리미엄 아울렛,127.075829,37.2669049,경기
수원 화성,127.0117957,37.286957,경기
수원 화성 박물관,127.0190255,37.2827175,경기
수원 화성 북동포루,127.0164513,37.2886395,경기
수원 화성 서장대,127.0102612,37.2807543,경기
수원 화성 팔달문,127.016733,37.2775621,경기
수원 화성 화서문,127.0096868,37.2855732,경기
수원 화성 화홍문,127.0176261,37.2875455,경기
수원시립미술관,127.0158771,37.2826856,경기
수원팔색길 화성 성곽길,127.0187965,37.2870678,경기
수종사,127.3022853,37.5710504,경기
수풀로 양수리,127.3193604,37.5483635,경기
숭례문,126.9753131,37.560003,서울
쉬자 파크,127.533183,37.5113231,경기
스퀘어 원,126.6837147,37.4058056,인천
스타벅스 광교 SK 뷰 레이크 41F 점,127.0603996,37.2869367,경기
스타필드 고양,126.8949597,37.6469765,경기
스타필드 시티 부천,126.8139049,37.4614874,경기
스타필드 안성,127.1470947,36.9950254,경기
스타필드 코엑스몰,127.0597769,37.5113184,서울
스타필드 하남,127.2236912,37.5454931,경기
시몬스 테라스점,127.4462622,37.1976524,경기
시흥 배곧 한울 공원,126.7020249,37.3546571,경기
시흥 오이도 박물관,126.6909132,37.3355386,경기
시흥 프리미엄 아울렛,126.7370807,37.3797815,경기
시흥갯골생태공원,126.7809839,37.3906904,경기
신세계 프리미엄 아울렛 여주,127.6121957,37.2413916,경기
신세계백화점 강남점,127.0043203,37.5053057,서울
신세계백화점 경기점,127.1082562,37.3250299,경기
신세계백화점 본점,126.9810896,37.5609483,서울
신세계백화점 의정부점,127.0463089,37.7372136,경기
신포 닭강정 본점,126.6281751,37.4715853,인천
신포국제시장,126.6267206,37.4714888,인천
신포지하상가,126.6282238,37.471108,인천
실학박물관,127.3006672,37.5159694,경기
심학산,126.6955606,37.7068156,경기
심학산 둘레길,126.7045507,37.7040635,경기
심학산 약천사,126.7011199,37.7055955,경기
쌈지길,126.9847313,37.5743521,서울
아베 니체 마치 에비뉴 주차장,126.6783061,37.6415004,경기
아시아출판문화 정보 센터 지혜의 숲 1관,126.6870602,37.7083538,경기
아시안 해변,126.4168929,37.432084,인천
아이파크몰 용산점,126.9645328,37.5288167,서울
아침 고요 가족 동물원,127.3615888,37.7481383,경기
아침고요 수목원,127.3516612,37.743004,경기
아쿠아 플라넷 광교,127.058097,37.2841861,경기
아쿠아 플라넷 일산,126.7554856,37.6637876,경기
아쿠아 필드 하남,127.2234772,37.5458286,경기
아트스페이스 광교,127.0590006,37.286158,경기
안녕 인사동,126.9835178,37.5745015,서울
안성 3.1운동 기념관,127.1741819,37.0621334,경기
안양 워터랜드,126.923981,37.4197447,경기
안양예술공원,126.9197703,37.4190698,경기
안양중앙시장,126.9199961,37.3978797,경기
안양천,126.8742198,37.5092339,서울
안중근 의사 기념관,126.9804079,37.553524,서울
안중근공원,126.7593269,37.5043813,경기
안터생태공원,126.8701453,37.4585892,경기
압구정 로데오거리,127.039152,37.5267558,서울
애브뉴 프랑 광교,127.0504105,37.2904014,경기
앨리웨이 광교,127.0612164,37.2748939,경기
양수리 전통시장,127.3199163,37.5444643,경기
양재 꽃 시장,127.0395686,37.4671307,서울
양재천 자전거길,127.0355607,37.4731255,경기
양주시립 장욱진미술관,126.9484564,37.732439,경기
양평 물 맑은 시장,127.4926951,37.4907453,경기
양평곤충 박물관,127.4491893,37.5092,경기
양화한강공원,126.9029383,37.5378083,서울
어둠 속의 대화,126.9848008,37.583335,서울
어메이징 파크,127.1422054,37.9265726,경기
어비산 어비계곡,127.5103926,37.5867212,경기
에버랜드,127.2021983,37.2931011,경기
에버랜드 로스트 밸리,127.2079563,37.2916981,경기
에버랜드 사파리월드,127.2049909,37.2910753,경기
에버랜드 정문,127.200048,37.291834,경기
에버랜드 판다 월드,127.202822,37.2930946,경기
에잇 세컨즈 가로수길점,127.0228953,37.5193647,서울
엔터식스 안양역점,126.9230011,37.4014354,경기
여민 각,127.0169008,37.2815501,경기
여의도 물빛광장,126.9288375,37.5306837,서울
여의도 한강공원,126.9351293,37.5263886,서울
여의도공원,126.9223482,37.5261349,서울
여주 자전거 여행,127.6654659,37.2931637,경기
여주 한글 시장,127.6344166,37.2975293,경기
연꽃테마파크,126.8072252,37.4022476,경기
연세대학교 신촌캠퍼스,126.9389335,37.5643326,서울
연천 고랑 포구 역사 공원 역사 문화전시관,126.8472659,37.9879851,경기
연천 땅 포성,126.9858778,38.0231278,경기
연천 전곡리 선사유적지,127.0612309,38.01448,경기
연천 호로 고루,126.8585572,37.986192,경기
열린 송현 녹지 광장,126.9817151,37.5765681,서울
영녕릉 세종대왕유적지구 세종대왕릉,127.6029393,37.3080665,경기
영등포전통시장,126.9080779,37.5198519,서울
영월루,127.6486105,37.2945151,경기
영종진공원,126.5775609,37.490475,인천
영천시장,126.9626683,37.5697034,서울
영흥 수목원,127.0710896,37.2623684,경기
예술의전당,127.011792,37.4792211,서울
예술의전당 오페라하우스,127.0138067,37.4793614,서울
예술의전당 한가람미술관,127.0142365,37.4804281,서울
예스24 라이브홀,127.1079715,37.5457349,서울
예스24 스테이지,127.0032606,37.5827557,서울
오동근린공원,127.0419681,37.6099744,서울
오두산 통일전망대,126.6772275,37.7732761,경기
오레오 팝업스토어,127.0577264,37.5423058,서울
오브젝트 삼청점,126.9845718,37.5794156,서울
오브젝트 성수점,127.0413177,37.5478637,서울
오산 오색시장,127.0708591,37.150932,경기
오이도,126.6935936,37.3429619,경기
오이도 빨강등대,126.6875106,37.3454554,경기
오이도 선사유적공원,126.6961663,37.343037,경기
올림픽공원,127.1208128,37.5205341,서울
와우정사,127.2767813,37.1941725,경기
왕방 계곡,127.1152521,37.8956763,경기
왕송호수,126.9476694,37.3076554,경기
용문사,127.5711647,37.5503215,경기
용문산관광지,127.5810914,37.5465204,경기
용산 어린이 정원(용산공원 반환부지),126.9727694,37.5273412,서울
용산공원,126.9816428,37.529891,서울
용성통닭 본점,127.0176265,37.2796254,경기
용연,127.0183862,37.287886,경기
용인자연휴양림,127.2678463,37.3148749,경기
용주사,127.0050787,37.2121708,경기
용추계곡,127.4791796,37.859873,경기
운길산,127.2945477,37.5726053,경기
운정 호수 공원,126.7578737,37.7198872,경기
운현궁,126.9870856,37.5762264,서울
웅진플레이도시 워터파크 온천스파,126.7442978,37.5006592,경기
워터플레이,127.52018,37.7952236,경기
월미 바다역,126.6168066,37.4754504,인천
월미공원,126.6035403,37.4734712,인천
월미도,126.5992311,37.4717376,인천
월미도 공영주차장,126.601701,37.4749643,인천
월미문화로,126.596334,37.47145,인천
월미문화의 거리,126.5978418,37.4736214,인천
월미테마파크,126.5963341,37.4714502,인천
웨이브 서플,127.3694187,37.6527769,경기
웨이브 파크,126.6806862,37.3240999,경기
위글위글 도산 플래그십스토어,127.0363031,37.5261143,서울
유명산,127.4865726,37.5752838,경기
율곡수목원,126.8228612,37.8983131,경기
율동 공원,127.1519514,37.3791292,경기
은평 한옥마을,126.9390924,37.6414863,서울
을왕리 해수욕장,126.372737,37.446292,인천
의정부 미술 도서관,127.1061274,37.7451458,경기
의정부 음악 도서관,127.0537733,37.7285575,경기
의정부 제일시장,127.0504005,37.7397662,경기
이마트 남양주점,127.2430126,37.655053,경기
이마트 별내점,127.1260051,37.6428439,경기
이마트 진접점,127.1818402,37.708928,경기
이상의 집,126.9708647,37.578649,서울
이촌한강공원,126.9705266,37.5172404,서울
이케아 고양점,126.8631336,37.6297693,경기
이케아 광명점,126.8828668,37.4243279,경기
이케아 기흥점,127.115682,37.2222458,경기
이함 캠퍼스,127.4251127,37.5021316,경기
이화원,127.5186407,37.817992,경기
익선동 한옥거리,126.9897757,37.5734372,서울
인사동 문화의 거리,126.9855916,37.5745468,서울
인사아트센터,126.9846058,37.5738484,서울
인왕산 둘레길,126.9618308,37.5782842,서울
인천 중구청 본관,126.6217133,37.4736137,인천
인천 차이나타운,126.618632,37.4755365,인천
인천 차이나타운 삼국지 벽화거리,126.6202336,37.4747118,인천
인천개항 박물관,126.6205845,37.4732857,인천
인천개항장 근대건축전시관,126.621165,37.4729452,인천
인천광역시립 박물관,126.65315,37.4207596,인천
인천대공원,126.7601726,37.4577613,인천
인천도시 역사관,126.6359511,37.3928125,인천
인천상륙작전기념관,126.6540104,37.4198701,인천
인천아트플랫폼,126.6197454,37.4728974,인천
인천종합어시장,126.6065583,37.4541277,인천
인천항 연안 부두,126.5985422,37.4542629,인천
인플럭스,127.2830757,37.5297135,경기
일 피노,127.3553008,37.6336546,경기
일본풍 거리,126.6206161,37.4737471,인천
일산 호수공원,126.7641415,37.656136,경기
일상 비일상의 틈,127.0267572,37.5005815,서울
일월 수목원,126.9764759,37.2877923,경기
임진각 관광지,126.7431642,37.8906433,경기
임진각 평화누리,126.7429874,37.8917871,경기
임진강 주상절리,127.0154196,38.0186302,경기
자라섬,127.5279467,37.8157524,경기
자라섬 남도,127.5354401,37.8104318,경기
자유 공원,126.6219706,37.475503,인천
자유 공원 맥아더 장군 동상,126.6234122,37.4747904,인천
잠수교,126.9968284,37.5138923,서울
잠수교 지하보도,126.9939051,37.5205993,서울
잠실종합운동장 올림픽 주경기장,127.0727886,37.5158522,서울
잠실종합운동장 잠실야구장,127.0719095,37.5121514,서울
잠실한강공원,127.0823578,37.5177993,서울
잠원한강공원,127.0190467,37.5273338,서울
장교숙소 5단지(용산공원 반환부지),126.9891853,37.52301,서울
장안문,127.0142432,37.2888615,경기
장충체육관,127.0068088,37.5581782,서울
재인폭포,127.1433186,38.0773344,경기
전곡선사 박물관,127.0641094,38.0116045,경기
전쟁기념관,126.977088,37.5370684,서울
전통술 박물관 산파원 본원,127.3090752,37.905677,경기
정발산,126.7794052,37.6634698,경기
정약용 유적지,127.2996095,37.5168029,경기
정약용 유적지 기념관,127.2992611,37.5165136,경기
정약용 유적지 생가,127.3001193,37.5167034,경기
제부도 해안산책로,126.6181795,37.1761299,경기
제이드가든 수목원,127.5419523,37.8328806,경기
조계사,126.9818561,37.5739588,서울
조몰락 계곡,127.4488467,37.9876801,경기
종로구립 박노수 미술관,126.9667835,37.5813185,서울
종묘,126.994213,37.576108,서울
좌상 바위,127.1029203,38.0377939,경기
주파크,127.1653409,37.7778692,경기
중앙시장,127.2687255,37.0068057,경기
중원계곡,127.6168511,37.5533126,경기
중원산,127.6018189,37.5586583,경기
지동시장,127.0193941,37.2777942,경기
지혜의 숲,126.6870602,37.7083538,경기
진관사계곡,126.9494389,37.6354834,서울
짜장면 박물관,126.618189,37.4748349,인천
짱 오락실 강남 2호점,127.026328,37.5021584,서울
창경궁,126.9951999,37.5794165,서울
창덕궁,126.9909998,37.579656,서울
창룡문,127.0251435,37.287791,경기
창성동 실험실,126.9719057,37.580026,서울
천마산,127.2733137,37.6802365,경기
천주교 서울 대교구 주교좌 명동 대성당,126.9873561,37.5631845,서울
철도박물관,126.951311,37.3140868,경기
청계천,126.9786471,37.569147,서울
청년 백범 김구 역 사거리,126.6257576,37.4721453,인천
청라 호수 공원,126.6342799,37.5324904,인천
청량리 청과물 시장,127.0424584,37.579791,서울
청와대 본관,126.9748537,37.5865733,서울
청운 문학도서관,126.9659053,37.5904038,서울
청운 쉼터,127.4181555,38.077132,경기
청학 밸리 리조트,127.1052962,37.7029883,경기
청학동 계곡,127.0949182,37.6995698,경기
충무아트센터,127.0148097,37.5660161,서울
카메라타,126.6996042,37.7899778,경기
카자 구루메,127.0115472,37.2837168,경기
카카오 프렌즈 홍대 플래그십스토어,126.9239195,37.5563194,서울
카페 19,127.3602739,37.7748324,경기
카페 모아이,127.3615174,37.7612151,경기
카페 뭔지,127.0274682,37.5273592,서울
카페다,127.0108831,37.4484426,경기
캐리비안베이,127.2009876,37.2971092,경기
캠프마켓,126.7139408,37.4933059,인천
캠프통포레스트,127.4922185,37.7027846,경기
코스트코 광명점,126.8860014,37.4209432,경기
코스트코 하남점,127.1938755,37.550422,경기
코엑스,127.0588278,37.5126614,서울
코엑스 아쿠아리움,127.0587084,37.5133012,서울
콩치노 콘크리트,126.6863928,37.7966754,경기
크리스 월드,127.5416977,37.7604075,경기
키스톤 스피시즈,127.2254798,37.6365609,경기
킨텍스,126.7464511,37.6695519,경기
킨텍스 제1전시장,126.7462764,37.6689415,경기
킨텍스 제2전시장,126.7418147,37.664472,경기
킨텍스 중앙공원,126.7418371,37.6684832,경기
타임 스트림,126.9303405,37.4838864,서울
타임스퀘어,126.9030714,37.5171052,서울
탄도항,126.6448886,37.1926337,경기
탄천,127.11329,37.3329282,경기
탑골공원,126.9883452,37.5711666,서울
태산 패밀리파크,126.629746,37.7246359,경기
탬버린즈 플래그십스토어 신사점,127.0220133,37.5206569,서울
테르메덴,127.4459522,37.194727,경기
통복시장,127.0834654,36.9968497,경기
통인시장,126.969948,37.5807697,서울
통일부 판문점 견학안내소,126.7434507,37.8935729,경기
트레이더스 홀세일 클럽 동탄점,127.0972794,37.1936269,경기
트레이더스 홀세일 클럽 수원점,127.0485867,37.2462277,경기
트레이더스 홀세일 클럽 킨텍스점,126.744182,37.661612,경기
트리플 스트리트,126.6609975,37.3799951,인천
파닥파닥 클럽,127.0216847,37.2835442,경기
파라다이스 시티,126.4558126,37.4371576,인천
파라다이스 시티 씨메르,126.4571625,37.4356456,인천
파주 프리미엄 아울렛,126.6963345,37.7694708,경기
파주출판 단지 근린공원,126.6882745,37.7195291,경기
파크 프리 베,127.0609832,37.7062342,경기
팔달공원,127.0103645,37.2776043,경기
팔달문시장,127.0176665,37.2772034,경기
팔달산,127.0099117,37.2807346,경기
퍼스트 가든,126.7946254,37.7320732,경기
평택국제중앙시장,127.0527467,37.0807386,경기
평택시 농업 생태원,126.983651,37.013128,경기
평화랜드,126.742019,37.8904299,경기
포레스트아웃팅스 송도점,126.652362,37.4201545,인천
포천아트밸리,127.2372456,37.9231741,경기
푸른 솔 GC 포천,127.2346918,37.8417167,경기
푸른 수목원,126.8254134,37.4839833,서울
프로방스 마을,126.6852386,37.7904052,경기
플라잉 수원,127.0257432,37.2872827,경기
플러스 시어터,127.0039715,37.5808257,서울
피크닉,126.9781231,37.5569582,서울
하나개해수욕장,126.4098518,37.3848327,인천
하남 유니언 타워,127.2203921,37.5472292,경기
하늘문화센터,126.472736,37.4956975,인천
하늘정원 주차장,126.4733033,37.4445214,인천
하땅사 극장,127.0051517,37.5886932,서울
한 아름공원,126.7510609,37.4964786,경기
한강공원 삼패지구,127.1951209,37.5923053,경기
한국 근대문학관,126.6211037,37.4725558,인천
한국만화 박물관,126.7421398,37.5086302,경기
한국민속촌,127.1197996,37.2596098,경기
한국은행 화폐박물관,126.9805234,37.5620979,서울
한남동 카페거리,127.0015886,37.5369688,서울
한성백제 박물관,127.120895,37.5154127,서울
한양도성 유적전시관,126.9817761,37.5539044,서울
한옥기술 전시관,127.0149183,37.2867746,경기
한전아트센터,127.0286741,37.4859289,서울
한지문화산업센터,126.9843997,37.5795381,서울
한탄강 생태경관 단지,127.2077132,38.0845753,경기
한탄강 지질공원센터,127.2249973,38.0732604,경기
한탄강 하늘다리,127.2191422,38.0841392,경기
해방촌 오거리,126.9853075,37.5458122,서울
행궁동 벽화마을,127.0169243,37.2859832,경기
행궁에뜨왈,127.0142715,37.2833057,경기
행리단길,127.0141275,37.2854574,경기
행주산성,126.8287096,37.5961013,경기
행주산성 역사 공원,126.8191385,37.5972619,경기
허브아일랜드,127.1316662,37.9653882,경기
헤이리 예술마을,126.6989531,37.7881743,경기
현대 시티 아울렛 가산점,126.8890469,37.4776919,서울
현대 시티 아울렛 동대문점,127.0076972,37.568781,서울
현대 프리미엄 아울렛 김포점,126.7855783,37.5993284,경기
현대 프리미엄 아울렛 송도점,126.6579049,37.3817378,인천
현대 프리미엄 아울렛 스페이스 원,127.1524791,37.6163047,경기
현대모터 스튜디오 고양,126.7474937,37.6662718,경기
현대백화점 디큐브시티점,126.8895806,37.5091042,서울
현대백화점 목동점,126.8752585,37.5266541,서울
현대백화점 무역센터점,127.0597748,37.5086514,서울
현대백화점 유플렉스 중동점,126.7611135,37.5044714,경기
현대백화점 중동점,126.7618391,37.5042746,경기
현대백화점 천호점,127.124443,37.538842,서울
현대백화점 킨텍스점,126.7511072,37.668231,경기
현대백화점 판교점,127.1120475,37.3927972,경기
현대카드 디자인 라이브러리,126.9839921,37.5797543,서울
혜화문,127.003836,37.5879039,서울
혜화역 4호선,127.001945,37.5820439,서울
호명호수,127.4752976,37.7485887,경기
호암미술관,127.1916289,37.2945441,경기
호암미술관 전통정원 희원,127.1907585,37.2946573,경기
홈 오브 하이,126.9719863,37.5793466,서울
홍대 앞 걷고 싶은 거리,126.9242639,37.5559412,서울
홍대 예술의 거리,126.9214115,37.5520435,서울
홍대 패션거리,126.9235809,37.5553966,서울
홍유릉,127.2089083,37.6314098,경기
홍익대학교 대학로 아트센터,127.0015079,37.5766308,서울
화담숲,127.2891631,37.3413672,경기
화성 관광열차 안내소 연무대 매표소,127.0233392,37.2878779,경기
화성 융릉과 건릉,126.9909693,37.2117236,경기
화성행궁,127.0140412,37.2819145,경기
화악산계곡,127.5241749,37.9701249,경기
효원공원 월화원,127.0377333,37.2652491,경기
훈훈 호떡,126.9063461,37.5559896,서울
흥인지문공원,127.0092143,37.5719344,서울
